<?xml version="1.0"?>

<tree>
	<tree text="Loaded Item 0" action="javascript:alert(0)" />
	<tree text="Loaded Item 1" action="javascript:alert(1)" />
	<tree text="Loaded Item 2" action="javascript:alert(2)" />
	<tree text="Loaded Item 3" action="javascript:alert(3)" />
	<tree text="Loaded Item 4" action="javascript:alert(4)" />
	<tree text="Loaded Item 5" action="javascript:alert(5)" />
	<tree text="Loaded Item 6" action="javascript:alert(6)" />
	<tree text="Loaded Item 7" action="javascript:alert(7)" />
	<tree text="Loaded Item 8" action="javascript:alert(8)" />
	<tree text="Loaded Item 9" action="javascript:alert(9)" />
	<tree text="Loaded Item 10" action="javascript:alert(0)" />
	<tree text="Loaded Item 1" action="javascript:alert(1)" />
	<tree text="Loaded Item 2" action="javascript:alert(2)" />
	<tree text="Loaded Item 3" action="javascript:alert(3)" />
	<tree text="Loaded Item 4" action="javascript:alert(4)" />
	<tree text="Loaded Item 5" action="javascript:alert(5)" />
	<tree text="Loaded Item 6" action="javascript:alert(6)" />
	<tree text="Loaded Item 7" action="javascript:alert(7)" />
	<tree text="Loaded Item 8" action="javascript:alert(8)" />
	<tree text="Loaded Item 9" action="javascript:alert(9)" />
	<tree text="Loaded Item 20" action="javascript:alert(0)" />
	<tree text="Loaded Item 1" action="javascript:alert(1)" />
	<tree text="Loaded Item 2" action="javascript:alert(2)" />
	<tree text="Loaded Item 3" action="javascript:alert(3)" />
	<tree text="Loaded Item 4" action="javascript:alert(4)" />
	<tree text="Loaded Item 5" action="javascript:alert(5)" />
	<tree text="Loaded Item 6" action="javascript:alert(6)" />
	<tree text="Loaded Item 7" action="javascript:alert(7)" />
	<tree text="Loaded Item 8" action="javascript:alert(8)" />
	<tree text="Loaded Item 9" action="javascript:alert(9)" />
	<tree text="Loaded Item 30" action="javascript:alert(0)" />
	<tree text="Loaded Item 1" action="javascript:alert(1)" />
	<tree text="Loaded Item 2" action="javascript:alert(2)" />
	<tree text="Loaded Item 3" action="javascript:alert(3)" />
	<tree text="Loaded Item 4" action="javascript:alert(4)" />
	<tree text="Loaded Item 5" action="javascript:alert(5)" />
	<tree text="Loaded Item 6" action="javascript:alert(6)" />
	<tree text="Loaded Item 7" action="javascript:alert(7)" />
	<tree text="Loaded Item 8" action="javascript:alert(8)" />
	<tree text="Loaded Item 9" action="javascript:alert(9)" />
	<tree text="Loaded Item 40" action="javascript:alert(0)" />
	<tree text="Loaded Item 1" action="javascript:alert(1)" />
	<tree text="Loaded Item 2" action="javascript:alert(2)" />
	<tree text="Loaded Item 3" action="javascript:alert(3)" />
	<tree text="Loaded Item 4" action="javascript:alert(4)" />
	<tree text="Loaded Item 5" action="javascript:alert(5)" />
	<tree text="Loaded Item 6" action="javascript:alert(6)" />
	<tree text="Loaded Item 7" action="javascript:alert(7)" />
	<tree text="Loaded Item 8" action="javascript:alert(8)" />
	<tree text="Loaded Item 9" action="javascript:alert(9)" />
	<tree text="Loaded Item 50" action="javascript:alert(0)" />
	<tree text="Loaded Item 1" action="javascript:alert(1)" />
	<tree text="Loaded Item 2" action="javascript:alert(2)" />
	<tree text="Loaded Item 3" action="javascript:alert(3)" />
	<tree text="Loaded Item 4" action="javascript:alert(4)" />
	<tree text="Loaded Item 5" action="javascript:alert(5)" />
	<tree text="Loaded Item 6" action="javascript:alert(6)" />
	<tree text="Loaded Item 7" action="javascript:alert(7)" />
	<tree text="Loaded Item 8" action="javascript:alert(8)" />
	<tree text="Loaded Item 9" action="javascript:alert(9)" />
	<tree text="Loaded Item 60" action="javascript:alert(0)" />
	<tree text="Loaded Item 1" action="javascript:alert(1)" />
	<tree text="Loaded Item 2" action="javascript:alert(2)" />
	<tree text="Loaded Item 3" action="javascript:alert(3)" />
	<tree text="Loaded Item 4" action="javascript:alert(4)" />
	<tree text="Loaded Item 5" action="javascript:alert(5)" />
	<tree text="Loaded Item 6" action="javascript:alert(6)" />
	<tree text="Loaded Item 7" action="javascript:alert(7)" />
	<tree text="Loaded Item 8" action="javascript:alert(8)" />
	<tree text="Loaded Item 9" action="javascript:alert(9)" />
	<tree text="Loaded Item 70" action="javascript:alert(0)" />
	<tree text="Loaded Item 1" action="javascript:alert(1)" />
	<tree text="Loaded Item 2" action="javascript:alert(2)" />
	<tree text="Loaded Item 3" action="javascript:alert(3)" />
	<tree text="Loaded Item 4" action="javascript:alert(4)" />
	<tree text="Loaded Item 5" action="javascript:alert(5)" />
	<tree text="Loaded Item 6" action="javascript:alert(6)" />
	<tree text="Loaded Item 7" action="javascript:alert(7)" />
	<tree text="Loaded Item 8" action="javascript:alert(8)" />
	<tree text="Loaded Item 9" action="javascript:alert(9)" />
	<tree text="Loaded Item 80" action="javascript:alert(0)" />
	<tree text="Loaded Item 1" action="javascript:alert(1)" />
	<tree text="Loaded Item 2" action="javascript:alert(2)" />
	<tree text="Loaded Item 3" action="javascript:alert(3)" />
	<tree text="Loaded Item 4" action="javascript:alert(4)" />
	<tree text="Loaded Item 5" action="javascript:alert(5)" />
	<tree text="Loaded Item 6" action="javascript:alert(6)" />
	<tree text="Loaded Item 7" action="javascript:alert(7)" />
	<tree text="Loaded Item 8" action="javascript:alert(8)" />
	<tree text="Loaded Item 9" action="javascript:alert(9)" />
	<tree text="Loaded Item 90" action="javascript:alert(0)" />
	<tree text="Loaded Item 1" action="javascript:alert(1)" />
	<tree text="Loaded Item 2" action="javascript:alert(2)" />
	<tree text="Loaded Item 3" action="javascript:alert(3)" />
	<tree text="Loaded Item 4" action="javascript:alert(4)" />
	<tree text="Loaded Item 5" action="javascript:alert(5)" />
	<tree text="Loaded Item 6" action="javascript:alert(6)" />
	<tree text="Loaded Item 7" action="javascript:alert(7)" />
	<tree text="Loaded Item 8" action="javascript:alert(8)" />
	<tree text="Loaded Item 9" action="javascript:alert(9)" />
	<tree text="Loaded Item 100" action="javascript:alert(0)" />
	<tree text="Loaded Item 1" action="javascript:alert(1)" />
	<tree text="Loaded Item 2" action="javascript:alert(2)" />
	<tree text="Loaded Item 3" action="javascript:alert(3)" />
	<tree text="Loaded Item 4" action="javascript:alert(4)" />
	<tree text="Loaded Item 5" action="javascript:alert(5)" />
	<tree text="Loaded Item 6" action="javascript:alert(6)" />
	<tree text="Loaded Item 7" action="javascript:alert(7)" />
	<tree text="Loaded Item 8" action="javascript:alert(8)" />
	<tree text="Loaded Item 9" action="javascript:alert(9)" />
	<tree text="Loaded Item 10" action="javascript:alert(0)" />
	<tree text="Loaded Item 1" action="javascript:alert(1)" />
	<tree text="Loaded Item 2" action="javascript:alert(2)" />
	<tree text="Loaded Item 3" action="javascript:alert(3)" />
	<tree text="Loaded Item 4" action="javascript:alert(4)" />
	<tree text="Loaded Item 5" action="javascript:alert(5)" />
	<tree text="Loaded Item 6" action="javascript:alert(6)" />
	<tree text="Loaded Item 7" action="javascript:alert(7)" />
	<tree text="Loaded Item 8" action="javascript:alert(8)" />
	<tree text="Loaded Item 9" action="javascript:alert(9)" />
	<tree text="Loaded Item 20" action="javascript:alert(0)" />
	<tree text="Loaded Item 1" action="javascript:alert(1)" />
	<tree text="Loaded Item 2" action="javascript:alert(2)" />
	<tree text="Loaded Item 3" action="javascript:alert(3)" />
	<tree text="Loaded Item 4" action="javascript:alert(4)" />
	<tree text="Loaded Item 5" action="javascript:alert(5)" />
	<tree text="Loaded Item 6" action="javascript:alert(6)" />
	<tree text="Loaded Item 7" action="javascript:alert(7)" />
	<tree text="Loaded Item 8" action="javascript:alert(8)" />
	<tree text="Loaded Item 9" action="javascript:alert(9)" />
	<tree text="Loaded Item 30" action="javascript:alert(0)" />
	<tree text="Loaded Item 1" action="javascript:alert(1)" />
	<tree text="Loaded Item 2" action="javascript:alert(2)" />
	<tree text="Loaded Item 3" action="javascript:alert(3)" />
	<tree text="Loaded Item 4" action="javascript:alert(4)" />
	<tree text="Loaded Item 5" action="javascript:alert(5)" />
	<tree text="Loaded Item 6" action="javascript:alert(6)" />
	<tree text="Loaded Item 7" action="javascript:alert(7)" />
	<tree text="Loaded Item 8" action="javascript:alert(8)" />
	<tree text="Loaded Item 9" action="javascript:alert(9)" />
	<tree text="Loaded Item 40" action="javascript:alert(0)" />
	<tree text="Loaded Item 1" action="javascript:alert(1)" />
	<tree text="Loaded Item 2" action="javascript:alert(2)" />
	<tree text="Loaded Item 3" action="javascript:alert(3)" />
	<tree text="Loaded Item 4" action="javascript:alert(4)" />
	<tree text="Loaded Item 5" action="javascript:alert(5)" />
	<tree text="Loaded Item 6" action="javascript:alert(6)" />
	<tree text="Loaded Item 7" action="javascript:alert(7)" />
	<tree text="Loaded Item 8" action="javascript:alert(8)" />
	<tree text="Loaded Item 9" action="javascript:alert(9)" />
	<tree text="Loaded Item 50" action="javascript:alert(0)" />
	<tree text="Loaded Item 1" action="javascript:alert(1)" />
	<tree text="Loaded Item 2" action="javascript:alert(2)" />
	<tree text="Loaded Item 3" action="javascript:alert(3)" />
	<tree text="Loaded Item 4" action="javascript:alert(4)" />
	<tree text="Loaded Item 5" action="javascript:alert(5)" />
	<tree text="Loaded Item 6" action="javascript:alert(6)" />
	<tree text="Loaded Item 7" action="javascript:alert(7)" />
	<tree text="Loaded Item 8" action="javascript:alert(8)" />
	<tree text="Loaded Item 9" action="javascript:alert(9)" />
	<tree text="Loaded Item 60" action="javascript:alert(0)" />
	<tree text="Loaded Item 1" action="javascript:alert(1)" />
	<tree text="Loaded Item 2" action="javascript:alert(2)" />
	<tree text="Loaded Item 3" action="javascript:alert(3)" />
	<tree text="Loaded Item 4" action="javascript:alert(4)" />
	<tree text="Loaded Item 5" action="javascript:alert(5)" />
	<tree text="Loaded Item 6" action="javascript:alert(6)" />
	<tree text="Loaded Item 7" action="javascript:alert(7)" />
	<tree text="Loaded Item 8" action="javascript:alert(8)" />
	<tree text="Loaded Item 9" action="javascript:alert(9)" />
	<tree text="Loaded Item 70" action="javascript:alert(0)" />
	<tree text="Loaded Item 1" action="javascript:alert(1)" />
	<tree text="Loaded Item 2" action="javascript:alert(2)" />
	<tree text="Loaded Item 3" action="javascript:alert(3)" />
	<tree text="Loaded Item 4" action="javascript:alert(4)" />
	<tree text="Loaded Item 5" action="javascript:alert(5)" />
	<tree text="Loaded Item 6" action="javascript:alert(6)" />
	<tree text="Loaded Item 7" action="javascript:alert(7)" />
	<tree text="Loaded Item 8" action="javascript:alert(8)" />
	<tree text="Loaded Item 9" action="javascript:alert(9)" />
	<tree text="Loaded Item 80" action="javascript:alert(0)" />
	<tree text="Loaded Item 1" action="javascript:alert(1)" />
	<tree text="Loaded Item 2" action="javascript:alert(2)" />
	<tree text="Loaded Item 3" action="javascript:alert(3)" />
	<tree text="Loaded Item 4" action="javascript:alert(4)" />
	<tree text="Loaded Item 5" action="javascript:alert(5)" />
	<tree text="Loaded Item 6" action="javascript:alert(6)" />
	<tree text="Loaded Item 7" action="javascript:alert(7)" />
	<tree text="Loaded Item 8" action="javascript:alert(8)" />
	<tree text="Loaded Item 9" action="javascript:alert(9)" />
	<tree text="Loaded Item 90" action="javascript:alert(0)" />
	<tree text="Loaded Item 1" action="javascript:alert(1)" />
	<tree text="Loaded Item 2" action="javascript:alert(2)" />
	<tree text="Loaded Item 3" action="javascript:alert(3)" />
	<tree text="Loaded Item 4" action="javascript:alert(4)" />
	<tree text="Loaded Item 5" action="javascript:alert(5)" />
	<tree text="Loaded Item 6" action="javascript:alert(6)" />
	<tree text="Loaded Item 7" action="javascript:alert(7)" />
	<tree text="Loaded Item 8" action="javascript:alert(8)" />
	<tree text="Loaded Item 9" action="javascript:alert(9)" />
	<tree text="Loaded Item 200" action="javascript:alert(0)" />
	<tree text="Loaded Item 1" action="javascript:alert(1)" />
	<tree text="Loaded Item 2" action="javascript:alert(2)" />
	<tree text="Loaded Item 3" action="javascript:alert(3)" />
	<tree text="Loaded Item 4" action="javascript:alert(4)" />
	<tree text="Loaded Item 5" action="javascript:alert(5)" />
	<tree text="Loaded Item 6" action="javascript:alert(6)" />
	<tree text="Loaded Item 7" action="javascript:alert(7)" />
	<tree text="Loaded Item 8" action="javascript:alert(8)" />
	<tree text="Loaded Item 9" action="javascript:alert(9)" />
	<tree text="Loaded Item 10" action="javascript:alert(0)" />
	<tree text="Loaded Item 1" action="javascript:alert(1)" />
	<tree text="Loaded Item 2" action="javascript:alert(2)" />
	<tree text="Loaded Item 3" action="javascript:alert(3)" />
	<tree text="Loaded Item 4" action="javascript:alert(4)" />
	<tree text="Loaded Item 5" action="javascript:alert(5)" />
	<tree text="Loaded Item 6" action="javascript:alert(6)" />
	<tree text="Loaded Item 7" action="javascript:alert(7)" />
	<tree text="Loaded Item 8" action="javascript:alert(8)" />
	<tree text="Loaded Item 9" action="javascript:alert(9)" />
	<tree text="Loaded Item 20" action="javascript:alert(0)" />
	<tree text="Loaded Item 1" action="javascript:alert(1)" />
	<tree text="Loaded Item 2" action="javascript:alert(2)" />
	<tree text="Loaded Item 3" action="javascript:alert(3)" />
	<tree text="Loaded Item 4" action="javascript:alert(4)" />
	<tree text="Loaded Item 5" action="javascript:alert(5)" />
	<tree text="Loaded Item 6" action="javascript:alert(6)" />
	<tree text="Loaded Item 7" action="javascript:alert(7)" />
	<tree text="Loaded Item 8" action="javascript:alert(8)" />
	<tree text="Loaded Item 9" action="javascript:alert(9)" />
	<tree text="Loaded Item 30" action="javascript:alert(0)" />
	<tree text="Loaded Item 1" action="javascript:alert(1)" />
	<tree text="Loaded Item 2" action="javascript:alert(2)" />
	<tree text="Loaded Item 3" action="javascript:alert(3)" />
	<tree text="Loaded Item 4" action="javascript:alert(4)" />
	<tree text="Loaded Item 5" action="javascript:alert(5)" />
	<tree text="Loaded Item 6" action="javascript:alert(6)" />
	<tree text="Loaded Item 7" action="javascript:alert(7)" />
	<tree text="Loaded Item 8" action="javascript:alert(8)" />
	<tree text="Loaded Item 9" action="javascript:alert(9)" />
	<tree text="Loaded Item 40" action="javascript:alert(0)" />
	<tree text="Loaded Item 1" action="javascript:alert(1)" />
	<tree text="Loaded Item 2" action="javascript:alert(2)" />
	<tree text="Loaded Item 3" action="javascript:alert(3)" />
	<tree text="Loaded Item 4" action="javascript:alert(4)" />
	<tree text="Loaded Item 5" action="javascript:alert(5)" />
	<tree text="Loaded Item 6" action="javascript:alert(6)" />
	<tree text="Loaded Item 7" action="javascript:alert(7)" />
	<tree text="Loaded Item 8" action="javascript:alert(8)" />
	<tree text="Loaded Item 9" action="javascript:alert(9)" />
	<tree text="Loaded Item 50" action="javascript:alert(0)" />
	<tree text="Loaded Item 1" action="javascript:alert(1)" />
	<tree text="Loaded Item 2" action="javascript:alert(2)" />
	<tree text="Loaded Item 3" action="javascript:alert(3)" />
	<tree text="Loaded Item 4" action="javascript:alert(4)" />
	<tree text="Loaded Item 5" action="javascript:alert(5)" />
	<tree text="Loaded Item 6" action="javascript:alert(6)" />
	<tree text="Loaded Item 7" action="javascript:alert(7)" />
	<tree text="Loaded Item 8" action="javascript:alert(8)" />
	<tree text="Loaded Item 9" action="javascript:alert(9)" />
	<tree text="Loaded Item 60" action="javascript:alert(0)" />
	<tree text="Loaded Item 1" action="javascript:alert(1)" />
	<tree text="Loaded Item 2" action="javascript:alert(2)" />
	<tree text="Loaded Item 3" action="javascript:alert(3)" />
	<tree text="Loaded Item 4" action="javascript:alert(4)" />
	<tree text="Loaded Item 5" action="javascript:alert(5)" />
	<tree text="Loaded Item 6" action="javascript:alert(6)" />
	<tree text="Loaded Item 7" action="javascript:alert(7)" />
	<tree text="Loaded Item 8" action="javascript:alert(8)" />
	<tree text="Loaded Item 9" action="javascript:alert(9)" />
	<tree text="Loaded Item 70" action="javascript:alert(0)" />
	<tree text="Loaded Item 1" action="javascript:alert(1)" />
	<tree text="Loaded Item 2" action="javascript:alert(2)" />
	<tree text="Loaded Item 3" action="javascript:alert(3)" />
	<tree text="Loaded Item 4" action="javascript:alert(4)" />
	<tree text="Loaded Item 5" action="javascript:alert(5)" />
	<tree text="Loaded Item 6" action="javascript:alert(6)" />
	<tree text="Loaded Item 7" action="javascript:alert(7)" />
	<tree text="Loaded Item 8" action="javascript:alert(8)" />
	<tree text="Loaded Item 9" action="javascript:alert(9)" />
	<tree text="Loaded Item 80" action="javascript:alert(0)" />
	<tree text="Loaded Item 1" action="javascript:alert(1)" />
	<tree text="Loaded Item 2" action="javascript:alert(2)" />
	<tree text="Loaded Item 3" action="javascript:alert(3)" />
	<tree text="Loaded Item 4" action="javascript:alert(4)" />
	<tree text="Loaded Item 5" action="javascript:alert(5)" />
	<tree text="Loaded Item 6" action="javascript:alert(6)" />
	<tree text="Loaded Item 7" action="javascript:alert(7)" />
	<tree text="Loaded Item 8" action="javascript:alert(8)" />
	<tree text="Loaded Item 9" action="javascript:alert(9)" />
	<tree text="Loaded Item 90" action="javascript:alert(0)" />
	<tree text="Loaded Item 1" action="javascript:alert(1)" />
	<tree text="Loaded Item 2" action="javascript:alert(2)" />
	<tree text="Loaded Item 3" action="javascript:alert(3)" />
	<tree text="Loaded Item 4" action="javascript:alert(4)" />
	<tree text="Loaded Item 5" action="javascript:alert(5)" />
	<tree text="Loaded Item 6" action="javascript:alert(6)" />
	<tree text="Loaded Item 7" action="javascript:alert(7)" />
	<tree text="Loaded Item 8" action="javascript:alert(8)" />
	<tree text="Loaded Item 9" action="javascript:alert(9)" />
	<tree text="Loaded Item 300" action="javascript:alert(0)" />
	<tree text="Loaded Item 1" action="javascript:alert(1)" />
	<tree text="Loaded Item 2" action="javascript:alert(2)" />
	<tree text="Loaded Item 3" action="javascript:alert(3)" />
	<tree text="Loaded Item 4" action="javascript:alert(4)" />
	<tree text="Loaded Item 5" action="javascript:alert(5)" />
	<tree text="Loaded Item 6" action="javascript:alert(6)" />
	<tree text="Loaded Item 7" action="javascript:alert(7)" />
	<tree text="Loaded Item 8" action="javascript:alert(8)" />
	<tree text="Loaded Item 9" action="javascript:alert(9)" />
	<tree text="Loaded Item 10" action="javascript:alert(0)" />
	<tree text="Loaded Item 1" action="javascript:alert(1)" />
	<tree text="Loaded Item 2" action="javascript:alert(2)" />
	<tree text="Loaded Item 3" action="javascript:alert(3)" />
	<tree text="Loaded Item 4" action="javascript:alert(4)" />
	<tree text="Loaded Item 5" action="javascript:alert(5)" />
	<tree text="Loaded Item 6" action="javascript:alert(6)" />
	<tree text="Loaded Item 7" action="javascript:alert(7)" />
	<tree text="Loaded Item 8" action="javascript:alert(8)" />
	<tree text="Loaded Item 9" action="javascript:alert(9)" />
	<tree text="Loaded Item 20" action="javascript:alert(0)" />
	<tree text="Loaded Item 1" action="javascript:alert(1)" />
	<tree text="Loaded Item 2" action="javascript:alert(2)" />
	<tree text="Loaded Item 3" action="javascript:alert(3)" />
	<tree text="Loaded Item 4" action="javascript:alert(4)" />
	<tree text="Loaded Item 5" action="javascript:alert(5)" />
	<tree text="Loaded Item 6" action="javascript:alert(6)" />
	<tree text="Loaded Item 7" action="javascript:alert(7)" />
	<tree text="Loaded Item 8" action="javascript:alert(8)" />
	<tree text="Loaded Item 9" action="javascript:alert(9)" />
	<tree text="Loaded Item 30" action="javascript:alert(0)" />
	<tree text="Loaded Item 1" action="javascript:alert(1)" />
	<tree text="Loaded Item 2" action="javascript:alert(2)" />
	<tree text="Loaded Item 3" action="javascript:alert(3)" />
	<tree text="Loaded Item 4" action="javascript:alert(4)" />
	<tree text="Loaded Item 5" action="javascript:alert(5)" />
	<tree text="Loaded Item 6" action="javascript:alert(6)" />
	<tree text="Loaded Item 7" action="javascript:alert(7)" />
	<tree text="Loaded Item 8" action="javascript:alert(8)" />
	<tree text="Loaded Item 9" action="javascript:alert(9)" />
	<tree text="Loaded Item 40" action="javascript:alert(0)" />
	<tree text="Loaded Item 1" action="javascript:alert(1)" />
	<tree text="Loaded Item 2" action="javascript:alert(2)" />
	<tree text="Loaded Item 3" action="javascript:alert(3)" />
	<tree text="Loaded Item 4" action="javascript:alert(4)" />
	<tree text="Loaded Item 5" action="javascript:alert(5)" />
	<tree text="Loaded Item 6" action="javascript:alert(6)" />
	<tree text="Loaded Item 7" action="javascript:alert(7)" />
	<tree text="Loaded Item 8" action="javascript:alert(8)" />
	<tree text="Loaded Item 9" action="javascript:alert(9)" />
	<tree text="Loaded Item 50" action="javascript:alert(0)" />
	<tree text="Loaded Item 1" action="javascript:alert(1)" />
	<tree text="Loaded Item 2" action="javascript:alert(2)" />
	<tree text="Loaded Item 3" action="javascript:alert(3)" />
	<tree text="Loaded Item 4" action="javascript:alert(4)" />
	<tree text="Loaded Item 5" action="javascript:alert(5)" />
	<tree text="Loaded Item 6" action="javascript:alert(6)" />
	<tree text="Loaded Item 7" action="javascript:alert(7)" />
	<tree text="Loaded Item 8" action="javascript:alert(8)" />
	<tree text="Loaded Item 9" action="javascript:alert(9)" />
	<tree text="Loaded Item 60" action="javascript:alert(0)" />
	<tree text="Loaded Item 1" action="javascript:alert(1)" />
	<tree text="Loaded Item 2" action="javascript:alert(2)" />
	<tree text="Loaded Item 3" action="javascript:alert(3)" />
	<tree text="Loaded Item 4" action="javascript:alert(4)" />
	<tree text="Loaded Item 5" action="javascript:alert(5)" />
	<tree text="Loaded Item 6" action="javascript:alert(6)" />
	<tree text="Loaded Item 7" action="javascript:alert(7)" />
	<tree text="Loaded Item 8" action="javascript:alert(8)" />
	<tree text="Loaded Item 9" action="javascript:alert(9)" />
	<tree text="Loaded Item 70" action="javascript:alert(0)" />
	<tree text="Loaded Item 1" action="javascript:alert(1)" />
	<tree text="Loaded Item 2" action="javascript:alert(2)" />
	<tree text="Loaded Item 3" action="javascript:alert(3)" />
	<tree text="Loaded Item 4" action="javascript:alert(4)" />
	<tree text="Loaded Item 5" action="javascript:alert(5)" />
	<tree text="Loaded Item 6" action="javascript:alert(6)" />
	<tree text="Loaded Item 7" action="javascript:alert(7)" />
	<tree text="Loaded Item 8" action="javascript:alert(8)" />
	<tree text="Loaded Item 9" action="javascript:alert(9)" />
	<tree text="Loaded Item 80" action="javascript:alert(0)" />
	<tree text="Loaded Item 1" action="javascript:alert(1)" />
	<tree text="Loaded Item 2" action="javascript:alert(2)" />
	<tree text="Loaded Item 3" action="javascript:alert(3)" />
	<tree text="Loaded Item 4" action="javascript:alert(4)" />
	<tree text="Loaded Item 5" action="javascript:alert(5)" />
	<tree text="Loaded Item 6" action="javascript:alert(6)" />
	<tree text="Loaded Item 7" action="javascript:alert(7)" />
	<tree text="Loaded Item 8" action="javascript:alert(8)" />
	<tree text="Loaded Item 9" action="javascript:alert(9)" />
	<tree text="Loaded Item 90" action="javascript:alert(0)" />
	<tree text="Loaded Item 1" action="javascript:alert(1)" />
	<tree text="Loaded Item 2" action="javascript:alert(2)" />
	<tree text="Loaded Item 3" action="javascript:alert(3)" />
	<tree text="Loaded Item 4" action="javascript:alert(4)" />
	<tree text="Loaded Item 5" action="javascript:alert(5)" />
	<tree text="Loaded Item 6" action="javascript:alert(6)" />
	<tree text="Loaded Item 7" action="javascript:alert(7)" />
	<tree text="Loaded Item 8" action="javascript:alert(8)" />
	<tree text="Loaded Item 9" action="javascript:alert(9)" />
	<tree text="Loaded Item 400" action="javascript:alert(0)" />
	<tree text="Loaded Item 1" action="javascript:alert(1)" />
	<tree text="Loaded Item 2" action="javascript:alert(2)" />
	<tree text="Loaded Item 3" action="javascript:alert(3)" />
	<tree text="Loaded Item 4" action="javascript:alert(4)" />
	<tree text="Loaded Item 5" action="javascript:alert(5)" />
	<tree text="Loaded Item 6" action="javascript:alert(6)" />
	<tree text="Loaded Item 7" action="javascript:alert(7)" />
	<tree text="Loaded Item 8" action="javascript:alert(8)" />
	<tree text="Loaded Item 9" action="javascript:alert(9)" />
	<tree text="Loaded Item 10" action="javascript:alert(0)" />
	<tree text="Loaded Item 1" action="javascript:alert(1)" />
	<tree text="Loaded Item 2" action="javascript:alert(2)" />
	<tree text="Loaded Item 3" action="javascript:alert(3)" />
	<tree text="Loaded Item 4" action="javascript:alert(4)" />
	<tree text="Loaded Item 5" action="javascript:alert(5)" />
	<tree text="Loaded Item 6" action="javascript:alert(6)" />
	<tree text="Loaded Item 7" action="javascript:alert(7)" />
	<tree text="Loaded Item 8" action="javascript:alert(8)" />
	<tree text="Loaded Item 9" action="javascript:alert(9)" />
	<tree text="Loaded Item 20" action="javascript:alert(0)" />
	<tree text="Loaded Item 1" action="javascript:alert(1)" />
	<tree text="Loaded Item 2" action="javascript:alert(2)" />
	<tree text="Loaded Item 3" action="javascript:alert(3)" />
	<tree text="Loaded Item 4" action="javascript:alert(4)" />
	<tree text="Loaded Item 5" action="javascript:alert(5)" />
	<tree text="Loaded Item 6" action="javascript:alert(6)" />
	<tree text="Loaded Item 7" action="javascript:alert(7)" />
	<tree text="Loaded Item 8" action="javascript:alert(8)" />
	<tree text="Loaded Item 9" action="javascript:alert(9)" />
	<tree text="Loaded Item 30" action="javascript:alert(0)" />
	<tree text="Loaded Item 1" action="javascript:alert(1)" />
	<tree text="Loaded Item 2" action="javascript:alert(2)" />
	<tree text="Loaded Item 3" action="javascript:alert(3)" />
	<tree text="Loaded Item 4" action="javascript:alert(4)" />
	<tree text="Loaded Item 5" action="javascript:alert(5)" />
	<tree text="Loaded Item 6" action="javascript:alert(6)" />
	<tree text="Loaded Item 7" action="javascript:alert(7)" />
	<tree text="Loaded Item 8" action="javascript:alert(8)" />
	<tree text="Loaded Item 9" action="javascript:alert(9)" />
	<tree text="Loaded Item 40" action="javascript:alert(0)" />
	<tree text="Loaded Item 1" action="javascript:alert(1)" />
	<tree text="Loaded Item 2" action="javascript:alert(2)" />
	<tree text="Loaded Item 3" action="javascript:alert(3)" />
	<tree text="Loaded Item 4" action="javascript:alert(4)" />
	<tree text="Loaded Item 5" action="javascript:alert(5)" />
	<tree text="Loaded Item 6" action="javascript:alert(6)" />
	<tree text="Loaded Item 7" action="javascript:alert(7)" />
	<tree text="Loaded Item 8" action="javascript:alert(8)" />
	<tree text="Loaded Item 9" action="javascript:alert(9)" />
	<tree text="Loaded Item 50" action="javascript:alert(0)" />
	<tree text="Loaded Item 1" action="javascript:alert(1)" />
	<tree text="Loaded Item 2" action="javascript:alert(2)" />
	<tree text="Loaded Item 3" action="javascript:alert(3)" />
	<tree text="Loaded Item 4" action="javascript:alert(4)" />
	<tree text="Loaded Item 5" action="javascript:alert(5)" />
	<tree text="Loaded Item 6" action="javascript:alert(6)" />
	<tree text="Loaded Item 7" action="javascript:alert(7)" />
	<tree text="Loaded Item 8" action="javascript:alert(8)" />
	<tree text="Loaded Item 9" action="javascript:alert(9)" />
	<tree text="Loaded Item 60" action="javascript:alert(0)" />
	<tree text="Loaded Item 1" action="javascript:alert(1)" />
	<tree text="Loaded Item 2" action="javascript:alert(2)" />
	<tree text="Loaded Item 3" action="javascript:alert(3)" />
	<tree text="Loaded Item 4" action="javascript:alert(4)" />
	<tree text="Loaded Item 5" action="javascript:alert(5)" />
	<tree text="Loaded Item 6" action="javascript:alert(6)" />
	<tree text="Loaded Item 7" action="javascript:alert(7)" />
	<tree text="Loaded Item 8" action="javascript:alert(8)" />
	<tree text="Loaded Item 9" action="javascript:alert(9)" />
	<tree text="Loaded Item 70" action="javascript:alert(0)" />
	<tree text="Loaded Item 1" action="javascript:alert(1)" />
	<tree text="Loaded Item 2" action="javascript:alert(2)" />
	<tree text="Loaded Item 3" action="javascript:alert(3)" />
	<tree text="Loaded Item 4" action="javascript:alert(4)" />
	<tree text="Loaded Item 5" action="javascript:alert(5)" />
	<tree text="Loaded Item 6" action="javascript:alert(6)" />
	<tree text="Loaded Item 7" action="javascript:alert(7)" />
	<tree text="Loaded Item 8" action="javascript:alert(8)" />
	<tree text="Loaded Item 9" action="javascript:alert(9)" />
	<tree text="Loaded Item 80" action="javascript:alert(0)" />
	<tree text="Loaded Item 1" action="javascript:alert(1)" />
	<tree text="Loaded Item 2" action="javascript:alert(2)" />
	<tree text="Loaded Item 3" action="javascript:alert(3)" />
	<tree text="Loaded Item 4" action="javascript:alert(4)" />
	<tree text="Loaded Item 5" action="javascript:alert(5)" />
	<tree text="Loaded Item 6" action="javascript:alert(6)" />
	<tree text="Loaded Item 7" action="javascript:alert(7)" />
	<tree text="Loaded Item 8" action="javascript:alert(8)" />
	<tree text="Loaded Item 9" action="javascript:alert(9)" />
	<tree text="Loaded Item 90" action="javascript:alert(0)" />
	<tree text="Loaded Item 1" action="javascript:alert(1)" />
	<tree text="Loaded Item 2" action="javascript:alert(2)" />
	<tree text="Loaded Item 3" action="javascript:alert(3)" />
	<tree text="Loaded Item 4" action="javascript:alert(4)" />
	<tree text="Loaded Item 5" action="javascript:alert(5)" />
	<tree text="Loaded Item 6" action="javascript:alert(6)" />
	<tree text="Loaded Item 7" action="javascript:alert(7)" />
	<tree text="Loaded Item 8" action="javascript:alert(8)" />
	<tree text="Loaded Item 499" action="javascript:alert(9)" />

</tree>